policy_id,policy_name
1,Test
6,zzz
82,Synthetics Policy
89,Prod API Monitor
91,Prod UI Monitor
95,Bob's Policy 99
107,Server CPU Percentage
137,iwhite policia
191,Mobile App Team - Synthetics API check
196,Enforcement Check 1023226
197,Metric Explorer
201,General
206,Mobile SaaS Team - Synthetics
325,Meatballs Demo Policy
372,Simon Murray's policy
406,Tim Coughlin's policy
407,Nate Heinrich's policy
466,Container Fabric (Docker v1 Load)
16386,Metrics Pipeline
24701,Nadya Boone's policy
27160,Mobile - Production Ingest Synthetics Checks
27200,Mobile - Staging Ingest Synthetics Checks
28538,DB Team - Timeslice DB Load
29408,Mitchell HuffMnne's policy
31221,Miguel Rueda's policy
31437,Oisin Buckley's policy
34084,Emery Gerndt Otopalik's policy
39740,Joshua Rhinehart's policy
45734,Richard Klauser's policy
48799,James Van Metre's Test policy
49642,New Policy
52575,Esteban Gutierrez's policy
57432,Ramon Guiu's policy
58139,Team: Internal Monitoring
60280,rob test pol
60326,Jonathan Pearlin's policy
60327,Brad Ellis's policy
60335,Brad Ellis's policy
61068,James Stuckey's policy
61303,Jasper de Taeye's policy
63137,kaitcart alerts training policy
63676,Michael Poynter's policy
63685,Rebecca Holzschuh's policy
63924,Ramon Guiu's policy
64499,Kayla Watson's policy
64845,Roberto Pantoja's policy
64948,Ramon Guiu's policy
64949,Ramon Guiu's policy
68094,Rod Alipour's policy
69499,Downs Policies
70498,Devin Cheevers's policy
74492,Oisin McColgan's policy
76900,Nader Mortazavi's policy
77663,Nader Mortazavi's policy
77989,Test Midgard Script
81873,Optiv Synthetic check
92790,APIKS Staging - Status Check
96552,Tessen Events
105958,Jeff Cowan's synthetics disablement policy
115432,Sean Carpenter's policy
123127,Mitchell HuffMnne's policy
137926,RPM Synthetics checks
145587,Jim Kutz's policy
153190,Hajin Choi's policy
153191,Hajin Choi's policy
185097,Josh R Test Policy
185119,Josh R Test Policy 2
186919,test123456
188140,Josh R Synthetics New Alert Test
188190,Josh Test - Alert - 02/05/17 (from new monitor)
191046,New Policy-test-abhi
201369,Monitor Lizard Policy
204158,Test Alert
213099,Alerts Team Demo Policy
214813,Josh R New Policy - March 26 2018
218384,Josh R Infrastructure Test
229661,Josh Test Policy #3
230035,Josh R Alert Policy #4
247909,RupalALert
248006,Eagles Test
264125,Josh R Test Policy
278649,Testy Test Test
283679,testtest
292052,Nordstrom Demo 
304044,Usage Pipeline Email Only
305293,Patrick's Policy
306402,AX Team Usage Data Synthetics in the EU
310519,test
314568,Aaron - NRQL Baselines
321776,Bob's Test Policy
325022,test
325025,test
329576,Test
333938,Patrick's Policy
337346,Buddy
338230,Ralph test
340440,zzz-test
344940,rob 1
344942,rob 2
347354,Munwar_Policy
347356,Munwar_Policy
355930,Caitlin's test
357834,Test
358144,tvtest
358763,Spend Threshold
363043,Demo Policy
364116,SatterPolicy
365415,Sam Bock test policy
375828,RSVP1
381505,nemo
382892,zzz
386779,RuairiSyntheticsAlerts
386816,Team: Alerts Interfaces - Notify but do not wake me up
388064,Demo Outlier Detection
393615,Label Service Alert Policy
393616,Ted Schuh Alert Policy
394990,Shu Activate
399062,My stats test
408519,tvtest
408520,tvtest
408527,tvtest
410555,TEST
428263,test
444919,tomtest
444920,tomtest
444922,tomtest
449453,Cathy's Test
454443,tomalert
454449,tomtest
454452,tomtest
454779,This is a test
456456,test12345
459712,BHam-Test-Policy
459714,Test Policy JC
459715,Incident alert policy - PJA
460788,test
463856,test
471087,Viji - Test Alert Policy 1
472690,Jeff Policy Test
475461,CC Outliner Demo
475559,test
475699,NRQL Test
477260,dyoung BAM Consumer test
505187,Test-Hall Policy
505199,Nelson - Ruby Kata
506258,Kubernetes default alert policy
507212,satter
519563,don - test
523699,Ashley Test
528435,Browser Alert
528457,GogoTest
530446,TV_McDs_Policy
533430,Julian's Policy
533936,Utilization 
534093,Test: Heather's test 1
534460,ThaiAirways Alert Policy
535675,Thai Airways Alert Policy by condition
536180,ZalikaTestLambdaAlert
536787,hpb_MeanIO_Policy
539828,test-health
545844,test2
556830,Test
559280,Test Hgries
566513,Telco - User Experience AI Baseline
568706,Alerting Alert Policy
568721,TestPolicy
569698,Outliner
569743,NRQL alert condition
570999,test aws ec2
572384,Telco - User Experience AI Baseline
577463,Carl Test
577632,TESTALERT
578129,Serverless Errors
578153,test
578957,test
581484,sivatest
581485,s2
582884,bob-test-policy
586564,trimble alert policy
590005,Demo EDF
604469,Growth Data Team - Tesseract
605769,testA
609168,tom
610467,scutler_test
611923,test-itamar
612850,Test - Example
617167,test
618302,Withers_test
619795,test-decoration-attributes
622047,Test
622337,test_aws_policy
624423,scutler_hackerone_testscript
628554,test_deepti 
632274,Platform Health Policy
634404,Prestonwod Alert
634420,SAS Alert
634502,OpsGenie
634861,Michigan
635170,TV's Host Health
636005,tomtest
647475,Test Alert Ruppal 
647648,Test
648780,Test
649183,Test
649357,stjm-demo
649388,test
650092,TV's Host Health
650949,forriols-prod
655351,Sling Example
660172,Test
660363,tomtest
663365,Ruby Andrews email
665712,Trouble
665722,New Relic
665810,Fire
665979,Fix me!
666325,test
668790,Jeremy Test
669117,test-lior
671334,Hazelle Test Policy
673073,LOG
673311,Cian Test Prod
674749,Test_Bt2
674752,Demo Test - MF
675997,Test Policy
676001,Test Policy
677857,Mark Test Policy
677875,Mark F Alert Policy
678003,Demo Test Policy Mark F
682374,setojima-alert-test
682389,test
682880,J Grogan
687058,RobTest
687067,test
688948,Wildcard Policy
693004,Demo Alert
693789,Test policy
694291,Trombley Test
694687,therbert@newrelic.com
696451,Dani-policy-1
697836,test
697862,Yong_test
701073,Dani2-test
705320,Radar - Pipeline - Production - On Call
708756,Test
711295,Test
715159,test policy
717913,Inspected Count Limit Test
719711,Application Alerts - HG
720183,Hgries Test Alert Policy
721233,George Weston Group
721234,George Weston Group
725138,test1
725141,test1
725142,test1
725143,test1
725155,test1
725160,test1
725510,Test4
727378,Test
728027,test1
728030,test1
728033,test1
728039,test1
728061,test1
728111,test1
728113,test1
728115,test1
728117,test1
728198,test1
728202,test1
728210,test1
728211,test1
728582,כשלק
730116,test1
730796,Test
733929,test1
735420,test1
736590,Test Alert
741084,test1
741094,test1
741095,f`ke
741456,test1
741457,test1
755948,SAP API test failed
773373,Test Policy CC
779825,CC Outliner Detection (APPs by ELB)
779833,Public Demo
779857,Public Demo 1
783243,Test
788487,HotSale
789629,test1
793881,Test
794705,Jim Test
809323,sdf
810151,test1
837528,NR TEST Azuma
843805,jeff webhook test
857057,test1
868004,test1
875977,webhooktest
882297,my policy
883599,my policy
883609,my policy
894864,my policy
895038,my policy
898161,test
904973,Redis Queue Worker Checkin
905735,test1
907569,test1
907583,test1
912928,Nica's Alert Policy
914786,Test
915059,Test
915220,Reedsburg
915256,Reedsburg
916825,Greg EBISB Policy
920460,AOC 
947224,Test (Hugo)
949805,temp
949992,sblue-test-policy
951578,Hgries WebPortal 
951646,tomtest
951647,tomtest
951649,test
951650,tomtest
953275,Migrated_application_alert
954089,NetEng: Autumn Failure (TEST)
979695,Mobile Test
979880,This is a test Alert
979908,Log Policy
982687,Reed Test
988104,Error Log Example
993467,Staging Test Policy
995328,ALTESS Alert CZ Application
995602,gellison test policy
998872,testFW
998905,OS Process Alert
999604,Test
999609,lmlml
1000232,MongoDB Critical
1000546,End User alert
1000601,Test R
1000678,Traffic throughput policy
1001844,Test
1002651,DF Test Alert 120820
1004701,VMware alert
1009509,Sri Infra test
1014240,TestGR
1019638,TVB Test
1019700,Thurman Test
1022804,Melco Test
1023754,test insights usage alert
1026236,BT CPU Test
1026577,Test2
1027836,Team
1031183,randrews test prometheus-api
1031898,Test- APM 
1033868,tv
1036828,Error Rate
1043916,test
1045562,Test123
1048040,Test
1049952,Exceed CPU consumption
1053085,k8s
1061828,Browser PageView SLO (aaron bento)
1068831,Test High Density View
1071524,Log
1076385,Test
1079814,tomtest
1084676,example
1086071,test
1086237,foo
1090478,Test
1095266,Request Queue Test
1097938,test
1098102,BMW Test Policy
1100666,Test42
1102910,Test NJ
1104251,test alert
1104366,policyTest
1104405,test policy
1105312,Demotron for Ari Web Portal
1105752,PM - Test Policy
1105839,infra hdd
1106375,tmp
1106399,Test
1110613,NRQL alert condition
1111581,test
1115033,testsynthetics-abhi
1117378,Test
1127271,test
1127735,bonghwan alert policy-01
1127742,bonghwan alert policy-02
1129943,vc-test
1134175,InfraSeldon test policy
1145635,yaron-iint-test
1148005,Test
1151249,lambda_test
1155264,Python Team
1158625,Devin's Test Test
1161014,Devin's Test
1161031,Devin's Test
1164084,Devin's Test Test
1164426,covidzone.info
1164939,test
1168446,test
1168543,Test Alert
1168992,Test
1168997,LagTest
1174239,test Becky
1174592,test1
1177046,tmp
1177099,tmp
1177117,test1
1178461,test1
1178480,tmp
1185362,Test Policy
1185419,Devin's Test Test Test
1185488,Demo Policy - KM
1187072,test
1187405,Blackberry Test 1
1189914,Hugo Test
1191958,HBC Alert Policy 1
1191967,test
1191968,test 1
1191973,Hugo 1
1192916,lkirby nested aggregate test
1196989,Test
1197008,Test_SP
1198547,Nicks_UIPath_TEST
1200611,test-itamar
1204517,tomtest
1206498,test emre
1207978,Test test
1209961,Testing Policy
1214561,Paul makes policies 
1216208,Test
1216210,Test
1218221,Test test
1218230,Test test test
1218973,test
1221772,csnodgrass
1222801,Test
1229597,Test Alert
1235247,Consumption Alert
1238705,GF Test Policy
1245607,vc-test
1249394,another test
1252183,martin test
1252443,test alert3 
1255340,Test
1255619,test
1256518,Jonny Test
1267014,Jonny Test Alert
1267018,Amine - Test
1268448,Release Notes Parser Fetch Policy (Dev)
1269778,Steves test
1274760,test
1277559,testme
1277795,Lei test
1278425,test
1279358,Ping alert
1280740,SLI Rate Policy Fun
1285414,test
1287781,Nathan W Infra Test
1288151,[DO NOT MODIFY] DELL USER ALERTS
1292633,yet another temp
1299873,test
1301669,Test test
1307000,test1
1307734,Test test test test
1313114,test test test test
1320080,Jay's Test Policy
1332402,Test
1333767,Demo-- User Experience
1333981,Demo-User Experience
1342547,Dimensional Metrics Team: Warning
1349850,Foodme Policy
1355650,test1
1357765,Moogsoft policy test
1368468,test - New Relic
1370884,UDS : Alder test
1372766,marri-test-policy
1374135,Test Alert for Journey
1379325,No logs reporting
1387114,test
1387280,test2
1391423,MKTest
1440489,Testmodule default alert policy
1440765,Zookeeper default alert policy
1443155,Usage Alerting
1444222,Pack default alert policy
1451513,test
1456466,james test
1473727,delete me
1494810,Eric's Demo Policy
1500846,Test New Relic
1540389,Jliu test alert
1571484,NRQL console - Synthetics Monitor (Staging)
1576522,Inaccurate Consumption
1612098,test
1615058,test1
1661272,Test
1661311,Test
1662676,ASH Fud
1672645,JC-ES
1673550,Santosh Test Policy
1673971,test
1674127,test
1675017,emre test
1677111,tomtest
1683221,delete this one
1692195,JIM_TEST
1697283,test Anca
1710022,Test Alert 10002
1713710,corinne test prod policy
1733482,testalert_1
1733657,Test JS Error
1733763,test
1737615,bucket
1738424,Tom_Bijesse_Test_Policy_2021_12_03
1745567,Jumpstart quickstart Quickstart alert policy
1756351,Logs
1756380,Logs
1756391,High Log Flow
1756460,Test
1756947,Foodme Policy
1773323,Jay_FoodMeApp1
1776583,Synthetics
1785799,Silky Test Policy
1806597,vpcchaneltestvlad
1806947,iPipeline test
1808523,test alert
1818113,Test Kate
1826267,SW Muting Rule Test
1826800,Anthony demo
1827273,Dylan Test Policy
1834849,nicky test
1842319,brenner test Feb 2022
1848009,test
1855942,Test Kate
1899349,Test
1954979,test
2034162,ttttttt
2035034,Onyx Test policy 1
2064722,name
2074451,s
2074575,sdff_delete_after
2078869,Hanan Policy Alert
2095183,ddd
2114330,tvexample
2146580,sdcdscdvds
2310987,Silky Test Policy
2310999,Silky Test Policy
2341595,htest
2347698,eded
2389604,WebPortal
2399868,Service
2449625,APM test
2449717,infra test
2484045,AdService
2488999,test
2572866,Foodmelrid
2591633,TestTest
2684743,Kirk's Fib Alerts
2697676,Test Metrics
2709374,gtgtg
2889448,example
2889454,example2
2930701,Test - Filter Alert
2947289,Demo
3027668,uptime
3079430,ScriptedAPI
3079640,test-alert-policy
3079646,test-alert-policy
3111212,serviceUpOrDown
3157964,Ansible Alert policy
3158135,IBM MQ
3168006,Test Ankur
3170591,Lior's on-boarding
3183017,test
3230158,Web Transaction time
3344147,UX
3360970,LR_Test_Alert
3393462,sfsfc
3399398,test-time
3401252,testnew policy Synth
3402421,support downtime
3402694,new policy 
3402780,test
3402785,test
3408164,Test
3408166,Test
3410201,test
3428687,test
3429256,test
3438668,test-1111
3441295,Sana Test
3442406,mwilk-primark-blobs-check
3456535,corinne plg
3490499,NR-Wordpress
3505224,hh
3505231,hh
3513018,test
3516513,Team A
3520862,test
3520992,test
3520993,cian
3523816,sdasd
3552418,testttt123
3556966,gg
3559030,Reeeeeeeaaaaallllllyyyyyy loooooooooooooooooooooooooooong policy name
3564763,Isa Test
3564784,Isa test 2
3565008,Isa test 2
3565011,Isa test 2
3568582,test 4
3571934,Lighttpd Alert
3575687,data ingestion cap
3578798,bdwyer test
3589093,testing
3592012,test
3592380,Smith Test
3593051,abc
3594813,Test Entity Alert
3598616,tf-test-policy-gtse
3600567,tf-test-y83pf
3600573,tf-test-ukpcn
3600575,tf-test-1mg0a
3600586,tf-test-rlkap
3600593,tf-test-sbepb
3602520,Test
3602523,Rebecca Test
3610228,Cliff test
3611140,Roger Test
3611359,tf-test-updated-wqggm
3611375,tf-test-pz9se
3617460,test
3617477,test
3620379,kb test1
3621647,Test
3630387,Eric Test Policy
3631643,example
3632391,Backend App Policy
3642231,Lberg Test
3657817,test
3660677,test-synthetics-alert-conditions-policy-rzmyc
3676671,FoodRMePolicy
3678399,TestPolicy12
3691995,Foodme
3705525,ChuckTest
3712251,Brian - Test Policy
3737681,UJJAWAL CONSOLIDATE ALERTS
3751252,Test
3756491,101
3780862,Twilio SMS testing
3812187,testush
3867721,Test
3913994,blarson_test
3917619,Chucks Fancy Alert Policy
3958499,Chucks Alert Policy
3986898,echilds test policy
3993543,wba-test-demo
3993924,Test
4017937,1234
4073937,test-rkobayashi
4084238,TEST aLert 
4086446,net
4088693,test
4102502,TEST - Policy
4102505,TEST - Policy
4107105,ckunze policy entity test
4131775,Test - Policy
4152339,gsp/pagerduty
4294130,testy
4297272,ttt
4328036,shenry test
4340006,Heera-test-NrAuditEventRechanged
4361938,Kinsey simple synthetics policy
4382321,Test - Policy
4382545,Test - Policy
4387398,Test
4421608,Test
4447214,abc
4447225,abcd
4461613,Test alert 
4461821,Test - Policy
4462908,test-1111
4464886,RodrigoTest
4471512,Test alert
4496947,test
4524744,Test - July
4526549,PIE - pager duty
4538362,Synthetics Team: Production [US] - Warning (TF)
4545324,CamiloPolicy
4545325,Test
4545419,Test Policy
4545690,TestCamiloP
4580478,Test Policy
4583289,trial
4583312,trail
4585188,Test Policy
4587508,Test Policy
4734048,NewrelictestVaish
4742001,test
4744123,Test alert policy
4758152,s
4762698,Leo's Policy
4766691,test
4771295,jans test policy
4772719,Test Alert
4778308,test
4800960,Global Hub Demo
4821867,aakanksha- try
4821869,aakanksha-try
4830807,test-to-remove
4835977,something
4845502,JH Test Compound Alerting
4847755,Fristopher's fake policy
4905452,KPT: Confluent test-sleepy-puppy (low-urgency) (TF)
4931570,TEST 
4943949,Heathers new alert policy
4949988,Heathers alert
